{
  "timestamp": "2025-09-03T13:27:13.289845",
  "evaluation_type": "Phase2B_Defense_Evaluation",
  "summary": {
    "defense_success": true,
    "defense_score": 0.02490566037735855,
    "clean_improvement": 0.05660377358490565,
    "robustness_improvement": 0.0037735849056604875
  },
  "detailed_results": {
    "baseline": {
      "clean": 0.6079664570230608,
      "noise_0.05": {
        "accuracy": 0.6289308176100629,
        "drop": -0.020964360587002018,
        "relative_drop": -0.03448275862068952
      },
      "noise_0.1": {
        "accuracy": 0.6121593291404612,
        "drop": -0.004192872117400381,
        "relative_drop": -0.0068965517241378685
      },
      "noise_0.2": {
        "accuracy": 0.6163522012578616,
        "drop": -0.008385744234800763,
        "relative_drop": -0.013793103448275737
      },
      "noise_0.3": {
        "accuracy": 0.6058700209643606,
        "drop": 0.002096436058700246,
        "relative_drop": 0.0034482758620690253
      },
      "noise_0.5": {
        "accuracy": 0.589098532494759,
        "drop": 0.018867924528301883,
        "relative_drop": 0.03103448275862068
      },
      "avg_robustness": 0.610482180293501
    },
    "robust": {
      "clean": 0.6645702306079665,
      "noise_0.05": {
        "accuracy": 0.6142557651991615,
        "drop": 0.05031446540880502,
        "relative_drop": 0.0757097791798107
      },
      "noise_0.1": {
        "accuracy": 0.6016771488469602,
        "drop": 0.06289308176100628,
        "relative_drop": 0.09463722397476337
      },
      "noise_0.2": {
        "accuracy": 0.6163522012578616,
        "drop": 0.048218029350104885,
        "relative_drop": 0.0725552050473187
      },
      "noise_0.3": {
        "accuracy": 0.6163522012578616,
        "drop": 0.048218029350104885,
        "relative_drop": 0.0725552050473187
      },
      "noise_0.5": {
        "accuracy": 0.6226415094339622,
        "drop": 0.04192872117400426,
        "relative_drop": 0.06309148264984236
      },
      "avg_robustness": 0.6142557651991615
    }
  }
}