{
  "baseline": {
    "accuracy": 0.7825,
    "classification_report": {
      "0": {
        "precision": 0.8873239436619719,
        "recall": 0.8954314720812183,
        "f1-score": 0.8913592723597776,
        "support": 985.0
      },
      "1": {
        "precision": 0.5847750865051903,
        "recall": 0.6167883211678832,
        "f1-score": 0.6003552397868561,
        "support": 274.0
      },
      "2": {
        "precision": 0.7222222222222222,
        "recall": 0.6842105263157895,
        "f1-score": 0.7027027027027027,
        "support": 114.0
      },
      "3": {
        "precision": 0.4148936170212766,
        "recall": 0.3305084745762712,
        "f1-score": 0.36792452830188677,
        "support": 118.0
      },
      "4": {
        "precision": 0.3474576271186441,
        "recall": 0.3416666666666667,
        "f1-score": 0.3445378151260504,
        "support": 120.0
      },
      "5": {
        "precision": 0.7596153846153846,
        "recall": 0.9518072289156626,
        "f1-score": 0.8449197860962567,
        "support": 83.0
      },
      "6": {
        "precision": 1.0,
        "recall": 1.0,
        "f1-score": 1.0,
        "support": 78.0
      },
      "7": {
        "precision": 0.765625,
        "recall": 0.6282051282051282,
        "f1-score": 0.6901408450704225,
        "support": 78.0
      },
      "8": {
        "precision": 0.9864864864864865,
        "recall": 1.0,
        "f1-score": 0.9931972789115646,
        "support": 73.0
      },
      "9": {
        "precision": 1.0,
        "recall": 1.0,
        "f1-score": 1.0,
        "support": 77.0
      },
      "accuracy": 0.7825,
      "macro avg": {
        "precision": 0.7468399367631176,
        "recall": 0.744861781792862,
        "f1-score": 0.7435137468355517,
        "support": 2000.0
      },
      "weighted avg": {
        "precision": 0.778504247021068,
        "recall": 0.7825,
        "f1-score": 0.7794083443804314,
        "support": 2000.0
      }
    },
    "training_time": 1.6252670288085938,
    "test_samples": 2000
  },
  "attacks": {
    "results": {
      "Enhanced_PGD": {
        "error": "operands could not be broadcast together with shapes (500,44) (43,) (43,) "
      },
      "Enhanced_FGSM": {
        "error": "operands could not be broadcast together with shapes (500,44) (43,) (43,) "
      },
      "Constraint_Aware_FGSM": {
        "error": "43"
      }
    },
    "testing_time": 0.5601928234100342
  },
  "defense": {
    "error": "RandomForestClassifier.__init__() got an unexpected keyword argument 'strategy'"
  },
  "evaluation": {
    "results": {
      "baseline_performance": {
        "accuracy": 0.7825,
        "classification_report": {
          "0": {
            "precision": 0.8873239436619719,
            "recall": 0.8954314720812183,
            "f1-score": 0.8913592723597776,
            "support": 985.0
          },
          "1": {
            "precision": 0.5847750865051903,
            "recall": 0.6167883211678832,
            "f1-score": 0.6003552397868561,
            "support": 274.0
          },
          "2": {
            "precision": 0.7222222222222222,
            "recall": 0.6842105263157895,
            "f1-score": 0.7027027027027027,
            "support": 114.0
          },
          "3": {
            "precision": 0.4148936170212766,
            "recall": 0.3305084745762712,
            "f1-score": 0.36792452830188677,
            "support": 118.0
          },
          "4": {
            "precision": 0.3474576271186441,
            "recall": 0.3416666666666667,
            "f1-score": 0.3445378151260504,
            "support": 120.0
          },
          "5": {
            "precision": 0.7596153846153846,
            "recall": 0.9518072289156626,
            "f1-score": 0.8449197860962567,
            "support": 83.0
          },
          "6": {
            "precision": 1.0,
            "recall": 1.0,
            "f1-score": 1.0,
            "support": 78.0
          },
          "7": {
            "precision": 0.765625,
            "recall": 0.6282051282051282,
            "f1-score": 0.6901408450704225,
            "support": 78.0
          },
          "8": {
            "precision": 0.9864864864864865,
            "recall": 1.0,
            "f1-score": 0.9931972789115646,
            "support": 73.0
          },
          "9": {
            "precision": 1.0,
            "recall": 1.0,
            "f1-score": 1.0,
            "support": 77.0
          },
          "accuracy": 0.7825,
          "macro avg": {
            "precision": 0.7468399367631176,
            "recall": 0.744861781792862,
            "f1-score": 0.7435137468355517,
            "support": 2000.0
          },
          "weighted avg": {
            "precision": 0.778504247021068,
            "recall": 0.7825,
            "f1-score": 0.7794083443804314,
            "support": 2000.0
          }
        }
      }
    },
    "evaluation_time": 0.09672045707702637
  },
  "summary": {
    "total_testing_time": 2.4186172485351562,
    "dataset_info": {
      "classes": [
        "Normal",
        "Malicious_Deletion",
        "Malicious_Establishment",
        "Malicious_Modification_Type1",
        "Malicious_Modification_Type2",
        "Advanced_Persistent_Threat",
        "Zero_Day_Exploit",
        "Protocol_Fuzzing_Attack",
        "Denial_of_Service",
        "Session_Hijacking"
      ],
      "n_features": 44,
      "train_size": 8000,
      "test_size": 2000,
      "label_mapping": {
        "0": "Normal",
        "1": "Malicious_Deletion",
        "2": "Malicious_Establishment",
        "3": "Malicious_Modification_Type1",
        "4": "Malicious_Modification_Type2",
        "5": "Advanced_Persistent_Threat",
        "6": "Zero_Day_Exploit",
        "7": "Protocol_Fuzzing_Attack",
        "8": "Denial_of_Service",
        "9": "Session_Hijacking"
      },
      "attack_distribution": {
        "train": {
          "Normal": 3940,
          "Malicious_Deletion": 1097,
          "Malicious_Establishment": 458,
          "Malicious_Modification_Type1": 471,
          "Malicious_Modification_Type2": 481,
          "Advanced_Persistent_Threat": 333,
          "Zero_Day_Exploit": 310,
          "Protocol_Fuzzing_Attack": 310,
          "Denial_of_Service": 294,
          "Session_Hijacking": 306
        },
        "test": {
          "Normal": 985,
          "Malicious_Deletion": 274,
          "Malicious_Establishment": 114,
          "Malicious_Modification_Type1": 118,
          "Malicious_Modification_Type2": 120,
          "Advanced_Persistent_Threat": 83,
          "Zero_Day_Exploit": 78,
          "Protocol_Fuzzing_Attack": 78,
          "Denial_of_Service": 73,
          "Session_Hijacking": 77
        }
      }
    },
    "stages_completed": 3
  }
}