{
  "accuracy": 0.91,
  "classification_report": {
    "0": {
      "precision": 0.9487179487179487,
      "recall": 0.9367088607594937,
      "f1-score": 0.9426751592356688,
      "support": 316.0
    },
    "1": {
      "precision": 0.7727272727272727,
      "recall": 0.8095238095238095,
      "f1-score": 0.7906976744186046,
      "support": 84.0
    },
    "accuracy": 0.91,
    "macro avg": {
      "precision": 0.8607226107226107,
      "recall": 0.8731163351416515,
      "f1-score": 0.8666864168271367,
      "support": 400.0
    },
    "weighted avg": {
      "precision": 0.9117599067599067,
      "recall": 0.91,
      "f1-score": 0.9107598874240853,
      "support": 400.0
    }
  },
  "test_samples": 400,
  "random_seed": 42,
  "timestamp": "2025-09-04T22:41:51.064247"
}