{
  "model_type": "SimpleAdversariallyTrainedRandomForest",
  "model_params": {
    "n_estimators": 300,
    "max_depth": 20,
    "min_samples_split": 3,
    "min_samples_leaf": 1,
    "random_state": 42,
    "n_jobs": -1
  },
  "training_config": {
    "noise_levels": [
      0.1,
      0.2,
      0.3
    ],
    "adversarial_ratio": 0.4,
    "feature_bounds": [
      -3.0,
      3.0
    ]
  },
  "training_history": [
    {
      "epoch": 1,
      "noise_level": 0.1,
      "clean_accuracy": 0.6591928251121076,
      "robust_accuracy": 0.5874439461883408,
      "robustness_gap": 0.0717488789237668
    },
    {
      "epoch": 2,
      "noise_level": 0.2,
      "clean_accuracy": 0.6412556053811659,
      "robust_accuracy": 0.5605381165919282,
      "robustness_gap": 0.08071748878923768
    },
    {
      "epoch": 3,
      "noise_level": 0.3,
      "clean_accuracy": 0.6233183856502242,
      "robust_accuracy": 0.6188340807174888,
      "robustness_gap": 0.004484304932735439
    }
  ],
  "timestamp": "2025-09-03T13:20:45.726157",
  "n_features": 43
}